﻿<?xml version="1.0" encoding="utf-8"?>
<Assemblies Version="1073741836">
  <Assembly Name="System.Core, Version=3.5.0.0, Culture=neutral, PublicKeyToken=b77a5c561934e089" Image="3b9b71fa-7edd-46ac-85f6-cd3a0e653f97" Timestamp="633529644480000000" XmlDocIndexTimestamp="633489967300000000" />
  <Assembly Name="System.Data.DataSetExtensions, Version=3.5.0.0, Culture=neutral, PublicKeyToken=b77a5c561934e089" Image="f33a175f-23f5-4065-8750-e9226cc82e06" Timestamp="633529644480000000" XmlDocIndexTimestamp="633489967300000000" />
  <Assembly Name="System.Xml.Linq, Version=3.5.0.0, Culture=neutral, PublicKeyToken=b77a5c561934e089" Image="91ea2cd7-6ae1-4654-8a63-d61b2d5da989" Timestamp="633529644480000000" XmlDocIndexTimestamp="633489967300000000" />
  <Assembly Name="System.Web.Extensions, Version=3.5.0.0, Culture=neutral, PublicKeyToken=31bf3856ad364e35" Image="f7a4ff81-7f82-4490-bab0-acd2683c452b" Timestamp="633641001300000000" XmlDocIndexTimestamp="633492571960000000" />
  <Assembly Name="System.Web.Abstractions, Version=3.5.0.0, Culture=neutral, PublicKeyToken=31bf3856ad364e35" Image="22de28a4-bf79-4ebb-88b9-a0998e02a648" Timestamp="633529644480000000" XmlDocIndexTimestamp="633492570660000000" />
  <Assembly Name="System.Web.Routing, Version=3.5.0.0, Culture=neutral, PublicKeyToken=31bf3856ad364e35" Image="67124a99-f9c6-4073-a0db-512585566a3a" Timestamp="633529644480000000" XmlDocIndexTimestamp="633492570660000000" />
  <Assembly Name="JetBrains.Annotations, Version=4.1.933.3, Culture=neutral, PublicKeyToken=1010a0d8d6380325" Image="dd627940-5076-47b9-a369-c37f8604a640" Timestamp="633559706920000000" XmlDocIndexTimestamp="633559706920000000" />
  <Assembly Name="System.Web.Mvc, Version=1.0.0.0, Culture=neutral, PublicKeyToken=31bf3856ad364e35" Image="6b65f05c-6ebb-48fd-966d-c51fa98aecb6" Timestamp="633719507140000000" XmlDocIndexTimestamp="633713436180000000" />
</Assemblies>