<publishData>
  <publishTarget publishUrl="C:\Users\Robert\Desktop\Blogpost\">
    <file relUrl="bin/JavascriptAndXml.pdb" publishTime="13.11.2007 23:26:30" />
    <file relUrl="bin/JavascriptAndXml.dll" publishTime="13.11.2007 23:26:31" />
    <file relUrl="Example_3.xml" publishTime="13.11.2007 22:26:17" />
    <file relUrl="Web.config" publishTime="13.11.2007 21:00:31" />
    <file relUrl="Default.aspx" publishTime="13.11.2007 23:17:13" />
    <file relUrl="Example_1.xml" publishTime="13.11.2007 21:03:03" />
    <file relUrl="ExampleService.asmx" publishTime="13.11.2007 21:07:36" />
    <file relUrl="Example_2.xml" publishTime="13.11.2007 21:04:48" />
  </publishTarget>
</publishData>