﻿<?xml version="1.0" encoding="utf-8"?>
<Assemblies Version="1073741836">
  <Assembly Name="System.Core, Version=3.5.0.0, Culture=neutral, PublicKeyToken=b77a5c561934e089" Image="b850b56f-5e97-4027-80ea-a7b8c30742db" Timestamp="633529644480000000" XmlDocIndexTimestamp="633489967300000000" />
  <Assembly Name="System.Data.DataSetExtensions, Version=3.5.0.0, Culture=neutral, PublicKeyToken=b77a5c561934e089" Image="c69555fd-03ef-4a5d-a854-6e2d7fb8f870" Timestamp="633529644480000000" XmlDocIndexTimestamp="633489967300000000" />
  <Assembly Name="System.Xml.Linq, Version=3.5.0.0, Culture=neutral, PublicKeyToken=b77a5c561934e089" Image="5ed9cf67-0371-4756-aa89-5f85393a2eab" Timestamp="633529644480000000" XmlDocIndexTimestamp="633489967300000000" />
  <Assembly Name="System.Web.Extensions, Version=3.5.0.0, Culture=neutral, PublicKeyToken=31bf3856ad364e35" Image="89022bb1-c628-4bb1-a922-d794891a2bc1" Timestamp="633529644480000000" XmlDocIndexTimestamp="633492571960000000" />
  <Assembly Name="System.Web.Abstractions, Version=3.5.0.0, Culture=neutral, PublicKeyToken=31bf3856ad364e35" Image="9abfe5a3-4392-494f-a4d9-216b7a57c0c0" Timestamp="633529644480000000" XmlDocIndexTimestamp="633492570660000000" />
  <Assembly Name="System.Web.Routing, Version=3.5.0.0, Culture=neutral, PublicKeyToken=31bf3856ad364e35" Image="b1f31be8-7718-4a99-a864-0e3cd029cadf" Timestamp="633529644480000000" XmlDocIndexTimestamp="633492570660000000" />
  <Assembly Name="JetBrains.Annotations, Version=4.1.933.3, Culture=neutral, PublicKeyToken=1010a0d8d6380325" Image="c754ab3d-f3c7-4c0c-89da-1de1e8de7892" Timestamp="633559706920000000" XmlDocIndexTimestamp="633559706920000000" />
  <Assembly Name="System.Web.Mvc, Version=1.0.0.0, Culture=neutral, PublicKeyToken=31bf3856ad364e35" Image="45f33ab7-c66f-4713-8e95-fcd22967377e" Timestamp="633719507140000000" XmlDocIndexTimestamp="633713436180000000" />
  <Assembly Name="Microsoft.Web.Mvc, Version=1.0.0.0, Culture=neutral, PublicKeyToken=null" Image="15e72f99-a239-4c63-9e6c-e7e4cc479ef5" Timestamp="633885575881120000" />
</Assemblies>