<publishData>
  <publishTarget publishUrl="C:\Users\rmu\Desktop\localization2\">
    <file relUrl="Scripts/MicrosoftAjax.js" publishTime="01/19/2009 16:53:10" />
    <file relUrl="Views/Shared/LoginUserControl.ascx" publishTime="01/19/2009 16:53:10" />
    <file relUrl="Views/Account/ChangePassword.aspx" publishTime="01/19/2009 16:53:10" />
    <file relUrl="Scripts/MicrosoftMvcAjax.debug.js" publishTime="01/19/2009 16:53:10" />
    <file relUrl="Views/Language/App_LocalResources/Test.aspx.resx" publishTime="09/21/2009 12:35:16" />
    <file relUrl="Scripts/MicrosoftAjax.debug.js" publishTime="01/19/2009 16:53:10" />
    <file relUrl="Web.config" publishTime="10/19/2009 09:13:12" />
    <file relUrl="Views/Home/Index.aspx" publishTime="12/07/2009 22:34:02" />
    <file relUrl="Views/Account/ChangePasswordSuccess.aspx" publishTime="01/19/2009 16:53:10" />
    <file relUrl="Scripts/MicrosoftMvcAjax.js" publishTime="01/19/2009 16:53:10" />
    <file relUrl="Views/Account/Login.aspx" publishTime="01/19/2009 16:53:10" />
    <file relUrl="bin/MVCLocalize.pdb" publishTime="12/07/2009 22:45:01" />
    <file relUrl="bin/LocalizationResources/Test.en.Designer.cs" publishTime="12/07/2009 22:26:20" />
    <file relUrl="Scripts/jquery-1.2.6.min.js" publishTime="01/19/2009 16:53:10" />
    <file relUrl="bin/MVCLocalize.dll" publishTime="12/07/2009 22:45:02" />
    <file relUrl="Views/Language/Test.aspx" publishTime="09/21/2009 12:35:52" />
    <file relUrl="Global.asax" publishTime="01/19/2009 16:53:10" />
    <file relUrl="Views/Language/App_LocalResources/Test.aspx.en.resx" publishTime="09/21/2009 12:35:16" />
    <file relUrl="Views/Shared/Site.Master" publishTime="12/07/2009 22:33:13" />
    <file relUrl="Views/Home/About.aspx" publishTime="01/19/2009 16:53:10" />
    <file relUrl="Views/Language/App_LocalResources/Test.aspx.fr.resx" publishTime="09/21/2009 12:35:16" />
    <file relUrl="Views/Shared/Error.aspx" publishTime="01/19/2009 16:53:10" />
    <file relUrl="bin/LocalizationResources/Test.en.resx" publishTime="12/07/2009 22:19:23" />
    <file relUrl="Views/Web.config" publishTime="01/19/2009 16:53:10" />
    <file relUrl="Default.aspx" publishTime="01/19/2009 16:53:10" />
    <file relUrl="bin/en/MVCLocalize.resources.dll" publishTime="12/07/2009 22:45:02" />
    <file relUrl="Scripts/jquery-1.2.6.js" publishTime="01/19/2009 16:53:10" />
    <file relUrl="Content/Site.css" publishTime="01/19/2009 16:53:10" />
    <file relUrl="bin/LocalizationResources/Test.Designer.cs" publishTime="12/07/2009 22:39:15" />
    <file relUrl="Views/Account/Register.aspx" publishTime="01/19/2009 16:53:10" />
    <file relUrl="bin/LocalizationResources/Test.resx" publishTime="12/07/2009 22:39:15" />
  </publishTarget>
</publishData>