﻿<?xml version="1.0" encoding="utf-8"?>
<Assemblies Version="1073741836">
  <Assembly Name="System.Core, Version=3.5.0.0, Culture=neutral, PublicKeyToken=b77a5c561934e089" Image="981cd60a-d199-479d-b889-6edad098818e" Timestamp="633529644480000000" XmlDocIndexTimestamp="633489967300000000" />
  <Assembly Name="System.Data.DataSetExtensions, Version=3.5.0.0, Culture=neutral, PublicKeyToken=b77a5c561934e089" Image="ef98f8d6-4863-4b32-8aaf-cd311266b763" Timestamp="633529644480000000" XmlDocIndexTimestamp="633489967300000000" />
  <Assembly Name="System.Xml.Linq, Version=3.5.0.0, Culture=neutral, PublicKeyToken=b77a5c561934e089" Image="307261ac-5056-40a7-be66-bdbdb4f06c94" Timestamp="633529644480000000" XmlDocIndexTimestamp="633489967300000000" />
  <Assembly Name="System.Web.Extensions, Version=3.5.0.0, Culture=neutral, PublicKeyToken=31bf3856ad364e35" Image="a5d307e6-a829-47f4-ba8f-77d267f1d38c" Timestamp="633641001300000000" XmlDocIndexTimestamp="633492571960000000" />
  <Assembly Name="System.Web.Abstractions, Version=3.5.0.0, Culture=neutral, PublicKeyToken=31bf3856ad364e35" Image="b53bf5bf-6017-43e6-bcce-faf863010ffb" Timestamp="633529644480000000" XmlDocIndexTimestamp="633492570660000000" />
  <Assembly Name="System.Web.Routing, Version=3.5.0.0, Culture=neutral, PublicKeyToken=31bf3856ad364e35" Image="b72d4ce7-1610-4159-908d-d732e7f94451" Timestamp="633529644480000000" XmlDocIndexTimestamp="633492570660000000" />
  <Assembly Name="JetBrains.Annotations, Version=4.1.933.3, Culture=neutral, PublicKeyToken=1010a0d8d6380325" Image="fc3073c2-5db4-4969-beae-3be31b54972f" Timestamp="633559706920000000" XmlDocIndexTimestamp="633559706920000000" />
  <Assembly Name="System.Web.Mvc, Version=1.0.0.0, Culture=neutral, PublicKeyToken=31bf3856ad364e35" Image="3d2dc2d2-f2d2-450f-9034-9d0191c2bd4a" Timestamp="633719507140000000" XmlDocIndexTimestamp="633713436180000000" />
</Assemblies>