﻿<?xml version="1.0" encoding="utf-8"?>
<Assemblies Version="1073741836">
  <Assembly Name="System.Core, Version=3.5.0.0, Culture=neutral, PublicKeyToken=b77a5c561934e089" Image="427b9331-ff8a-419a-ba4e-c5c5242ff966" Timestamp="633529644480000000" XmlDocIndexTimestamp="633489967300000000" />
  <Assembly Name="System.Data.DataSetExtensions, Version=3.5.0.0, Culture=neutral, PublicKeyToken=b77a5c561934e089" Image="a45ffb4b-51fa-48fe-8626-9ab34492baa2" Timestamp="633529644480000000" XmlDocIndexTimestamp="633489967300000000" />
  <Assembly Name="System.Xml.Linq, Version=3.5.0.0, Culture=neutral, PublicKeyToken=b77a5c561934e089" Image="e8cfd730-7f57-4a3c-9424-b6da38f021b0" Timestamp="633529644480000000" XmlDocIndexTimestamp="633489967300000000" />
  <Assembly Name="System.Web.Extensions, Version=3.5.0.0, Culture=neutral, PublicKeyToken=31bf3856ad364e35" Image="566fc2c1-e5d5-4329-9ef3-551cc69ed6b6" Timestamp="633641001300000000" XmlDocIndexTimestamp="633492571960000000" />
  <Assembly Name="System.Web.Abstractions, Version=3.5.0.0, Culture=neutral, PublicKeyToken=31bf3856ad364e35" Image="27ad3e94-0478-41c8-96fd-069e16ca4833" Timestamp="633529644480000000" XmlDocIndexTimestamp="633492570660000000" />
  <Assembly Name="System.Web.Routing, Version=3.5.0.0, Culture=neutral, PublicKeyToken=31bf3856ad364e35" Image="193cb1d1-655d-47be-b6cd-59afb253306b" Timestamp="633529644480000000" XmlDocIndexTimestamp="633492570660000000" />
  <Assembly Name="JetBrains.Annotations, Version=4.1.933.3, Culture=neutral, PublicKeyToken=1010a0d8d6380325" Image="4ed67c57-c3df-46bd-beab-12450053fd35" Timestamp="633559706920000000" XmlDocIndexTimestamp="633559706920000000" />
  <Assembly Name="System.Web.Mvc, Version=1.0.0.0, Culture=neutral, PublicKeyToken=31bf3856ad364e35" Image="8a46ed5b-e333-4431-8d25-937ff73119ae" Timestamp="633719507140000000" XmlDocIndexTimestamp="633713436180000000" />
  <Assembly Name="DotNetOpenAuth, Version=3.3.1.9337, Culture=neutral, PublicKeyToken=2780ccd10d57b246" Image="657e1fbd-ad67-49e9-b0c6-59ba83f4a6b6" Timestamp="633966819840000000" />
</Assemblies>