﻿<?xml version="1.0" encoding="utf-8"?>
<Assemblies Version="1073741836">
  <Assembly Name="System.Core, Version=3.5.0.0, Culture=neutral, PublicKeyToken=b77a5c561934e089" Image="79fd5f19-1216-4fa3-ad77-0f8eb839c00a" Timestamp="633529644480000000" XmlDocIndexTimestamp="633489967300000000" />
  <Assembly Name="System.Data.DataSetExtensions, Version=3.5.0.0, Culture=neutral, PublicKeyToken=b77a5c561934e089" Image="04d123af-9afe-406f-a769-145d018e5d58" Timestamp="633529644480000000" XmlDocIndexTimestamp="633489967300000000" />
  <Assembly Name="System.Xml.Linq, Version=3.5.0.0, Culture=neutral, PublicKeyToken=b77a5c561934e089" Image="b5a30e9b-3ca5-446a-bb52-bc322beecd10" Timestamp="633529644480000000" XmlDocIndexTimestamp="633489967300000000" />
  <Assembly Name="System.Web.Extensions, Version=3.5.0.0, Culture=neutral, PublicKeyToken=31bf3856ad364e35" Image="24dc04fd-39fd-42b5-ad24-cb909b70de69" Timestamp="633529644480000000" XmlDocIndexTimestamp="633492571960000000" />
  <Assembly Name="JetBrains.Annotations, Version=4.1.933.3, Culture=neutral, PublicKeyToken=1010a0d8d6380325" Image="5d5d7314-0a37-47f7-ae45-728589e564fd" Timestamp="633559706920000000" XmlDocIndexTimestamp="633559706920000000" />
  <Assembly Name="System.Web.Mvc, Version=1.0.0.0, Culture=neutral, PublicKeyToken=31bf3856ad364e35" Image="4b563f0d-4b74-470c-8f05-3bff8c906627" Timestamp="633719507140000000" XmlDocIndexTimestamp="633713436180000000" />
  <Assembly Name="System.Web.Abstractions, Version=3.5.0.0, Culture=neutral, PublicKeyToken=31bf3856ad364e35" Image="2ec884e8-a969-4774-9f2b-70a079bd2e73" Timestamp="633564795760000000" XmlDocIndexTimestamp="633492570660000000" />
  <Assembly Name="System.Web.Routing, Version=3.5.0.0, Culture=neutral, PublicKeyToken=31bf3856ad364e35" Image="e1e64fdb-5f65-4979-a024-d73e5ca0428f" Timestamp="633564795760000000" XmlDocIndexTimestamp="633492570660000000" />
</Assemblies>