﻿<?xml version="1.0" encoding="utf-8"?>
<Assemblies Version="1073741836">
  <Assembly Name="System.Core, Version=3.5.0.0, Culture=neutral, PublicKeyToken=b77a5c561934e089" Image="9707d079-e824-4658-a327-59e84e6740a9" Timestamp="633529644480000000" XmlDocIndexTimestamp="633489967300000000" />
  <Assembly Name="System.Xml.Linq, Version=3.5.0.0, Culture=neutral, PublicKeyToken=b77a5c561934e089" Image="c4b763a9-c843-4f71-b46d-28eb6f4dacfb" Timestamp="633529644480000000" XmlDocIndexTimestamp="633489967300000000" />
  <Assembly Name="System.Data.DataSetExtensions, Version=3.5.0.0, Culture=neutral, PublicKeyToken=b77a5c561934e089" Image="16061bb0-5158-48ee-adcd-80986b587118" Timestamp="633529644480000000" XmlDocIndexTimestamp="633489967300000000" />
  <Assembly Name="JetBrains.Annotations, Version=4.1.933.3, Culture=neutral, PublicKeyToken=1010a0d8d6380325" Image="2cb4694b-ce11-4d5e-9d83-e2cca8567cf5" Timestamp="633559706920000000" XmlDocIndexTimestamp="633559706920000000" />
  <Assembly Name="WindowsBase, Version=3.0.0.0, Culture=neutral, PublicKeyToken=31bf3856ad364e35" Image="383fd262-55d7-40b6-aca2-9821b22707bc" Timestamp="633495212840387679" XmlDocIndexTimestamp="633491702500000000" />
  <Assembly Name="PresentationCore, Version=3.0.0.0, Culture=neutral, PublicKeyToken=31bf3856ad364e35" Image="bacb8455-5546-4c83-8f04-d11e1cf202c8" Timestamp="633495212831793324" XmlDocIndexTimestamp="633492570660000000" />
  <Assembly Name="PresentationFramework, Version=3.0.0.0, Culture=neutral, PublicKeyToken=31bf3856ad364e35" Image="57c02044-6296-4bc3-bf40-d1ba44f1b4db" Timestamp="633495212837262459" XmlDocIndexTimestamp="633492570660000000" />
  <Assembly Name="Microsoft.VisualStudio.QualityTools.UnitTestFramework, Version=9.0.0.0, Culture=neutral, PublicKeyToken=b03f5f7f11d50a3a" Image="0a3b9359-1628-4036-9374-7f7299d3bd40" Timestamp="633530215220000000" />
</Assemblies>