﻿<?xml version="1.0" encoding="utf-8"?>
<Assemblies Version="1073741836">
  <Assembly Name="System.Core, Version=3.5.0.0, Culture=neutral, PublicKeyToken=b77a5c561934e089" Image="e2bc2b65-ac00-4622-9d37-22688ff0ed4c" Timestamp="633529644480000000" XmlDocIndexTimestamp="633489967300000000" />
  <Assembly Name="System.Data.DataSetExtensions, Version=3.5.0.0, Culture=neutral, PublicKeyToken=b77a5c561934e089" Image="7036a0cf-b213-462d-b4a0-63dc375b2a74" Timestamp="633529644480000000" XmlDocIndexTimestamp="633489967300000000" />
  <Assembly Name="System.Xml.Linq, Version=3.5.0.0, Culture=neutral, PublicKeyToken=b77a5c561934e089" Image="b1865c35-43df-4453-852e-5c2d7cfe9421" Timestamp="633529644480000000" XmlDocIndexTimestamp="633489967300000000" />
  <Assembly Name="System.Web.Extensions, Version=3.5.0.0, Culture=neutral, PublicKeyToken=31bf3856ad364e35" Image="ad5608f0-7195-4deb-bb9d-11c3893204a0" Timestamp="633641001300000000" XmlDocIndexTimestamp="633492571960000000" />
  <Assembly Name="System.Web.Abstractions, Version=3.5.0.0, Culture=neutral, PublicKeyToken=31bf3856ad364e35" Image="487f0796-cb30-44c1-b31e-2fed67c5b242" Timestamp="633529644480000000" XmlDocIndexTimestamp="633492570660000000" />
  <Assembly Name="System.Web.Routing, Version=3.5.0.0, Culture=neutral, PublicKeyToken=31bf3856ad364e35" Image="2379a7b2-5f65-487b-9d1f-0ae848a18bf2" Timestamp="633529644480000000" XmlDocIndexTimestamp="633492570660000000" />
  <Assembly Name="JetBrains.Annotations, Version=4.1.933.3, Culture=neutral, PublicKeyToken=1010a0d8d6380325" Image="5efbab7b-be79-47f0-a626-f8549f6edd0a" Timestamp="633559706920000000" XmlDocIndexTimestamp="633559706920000000" />
  <Assembly Name="System.Web.Mvc, Version=1.0.0.0, Culture=neutral, PublicKeyToken=31bf3856ad364e35" Image="822a49e4-1e94-457c-bef3-188b3c4387da" Timestamp="633719507140000000" XmlDocIndexTimestamp="633713436180000000" />
</Assemblies>